[
    {
        "name": "ShalimarBagh", 
        "city_id":1,
        "location_id": 1,
        "city": "Delhi",
        "country_name":"India"
    },
    {
        "name":"Janpat",
        "city_id": 1,
        "location_id": 2, 
        "city":"Delhi",
        "country_name":"India"
    },
    {
        "name":"MSP",
        "city_id": 1,
        "location_id": 3, 
        "city":"Delhi",
        "country_name":"India"
        },
    {
        "name":"MSP",
        "city_id": 2,
        "location_id":4,
        "city":"Pune",
        "country_name": "India"
        },
    {
        "name": "AnandVihar",
        "city_id": 1,
        "location_id": 5,
        "city": "Delhi",
        "country_name": "India" 
    }
]