[
    {
        "name":"Domino's",
        "city": "Delhi", 
        "location_id":1,
        "city_id":1,
        "locality":"ShalimarBagh", 
        "thumb": [
            "Assets/breakfast.jpg", 
            "Assets/dinner.png",
            "Assets/drinks.png", 
            "Assets/dinner.png"
            ],
        "aggregate_rating": 4.2, 
        "rating_text":"VeryGood", 
        "min_price": 666,
        "contact_number":919453524651,
        "cuisine": [
            {"id":1,"name":"NorthIndian"},
            {"id":4,"name":"FastFood"}
        ],
        "image":"Assets/breakfast.jpg", 
         "mealtype_id": 1
        },
    {
        "name":"KFC",
        "city": "Delhi",
        "location_id":1,
        "city_id":1,
        "locality":"ShalimarBagh", 
        "thumb": [
            "Assets/breakfast.jpg", 
            "Assets/dinner.png", 
            "Assets/drinks.png", 
            "Assets/dinner.png"
            ],
        "aggregate_rating": 4.5, 
        "rating_text":"Excellent", 
        "min_price": 333,
        "contact_number":919453524651, 
        "cuisine": [
            {"id":2,"name":"SouthIndian"},
            {"id":4,"name":"FastFood"}
            ],
        "image":"Assets/breakfast.jpg", 
        "mealtype_id": 1
        },
    {
        "name":"BurgerKing", 
        "city": "Delhi", 
        "location_id": 1,
        "city_id":1,
        "locality":"ShalimarBagh", 
        "thumb": [
            "Assets/breakfast.jpg", 
            "Assets/dinner.png", 
            "Assets/drinks.png",
            "Assets/dinner.png"
            ],
        "aggregate_rating": 4.5,
        "rating_text":"Excellent", 
        "min_price": 999,
        "contact_number":919453524651, 
        "cuisine": [
            {"id":2,"name":"SouthIndian"},
            {"id":4,"name":"FastFood"}
            ],
        "image":"Assets/breakfast.jpg", 
        "mealtype_id": 1
        },
    {
        "name":"BabaKaDhaba", 
        "city": "Delhi", 
        "location_id": 5,
        "city_id":1,
        "locality":"AnandVihar", 
        "thumb": [
            "Assets/breakfast.jpg", 
            "Assets/dinner.png","Assets/drinks.png", 
            "Assets/dinner.png"],
        "aggregate_rating": 3.5, 
        "rating_text":"Excellent", 
        "min_price": 599,
        "contact_number":919453524651, 
        "cuisine": [
            {"id":2,"name":"SouthIndian"},
            {"id":4,"name":"FastFood"}
            ],
        "image":"Assets/breakfast.jpg", 
        "mealtype_id": 2}
    ]
    
     [
  {
    "name": "Domino's",
    "city": "Delhi",
    "location_id": 1,
    "city_id": 1,
    "locality": "ShalimarBagh",
    "thumb": [
      "Assets/breakfast.jpg",
      "Assets/dinner.png",
      "Assets/drinks.png",
      "Assets/dinner.png"
    ],
    "aggregate_rating": 4.2,
    "rating_text": "VeryGood",
    "min_price": 666,
    "contact_number": 919453524651,
    "cuisine": [
      {
        "id": 1,
        "name": "NorthIndian"
      },
      {
        "id": 4,
        "name": "FastFood"
      }
    ],
    "image": "Assets/breakfast.jpg",
    "mealtype_id": 1
  },
  {
    "name": "KFC",
    "city": "Delhi",
    "location_id": 1,
    "city_id": 1,
    "locality": "ShalimarBagh",
    "thumb": [
      "Assets/breakfast.jpg",
      "Assets/dinner.png",
      "Assets/drinks.png",
      "Assets/dinner.png"
    ],
    "aggregate_rating": 4.5,
    "rating_text": "Excellent",
    "min_price": 333,
    "contact_number": 919453524651,
    "cuisine": [
      {
        "id": 2,
        "name": "SouthIndian"
      },
      {
        "id": 4,
        "name": "FastFood"
      }
    ],
    "image": "Assets/breakfast.jpg",
    "mealtype_id": 1
  },
  {
    "name": "BurgerKing",
    "city": "Delhi",
    "location_id": 1,
    "city_id": 1,
    "locality": "ShalimarBagh",
    "thumb": [
      "Assets/breakfast.jpg",
      "Assets/dinner.png",
      "Assets/drinks.png",
      "Assets/dinner.png"
    ],
    "aggregate_rating": 4.5,
    "rating_text": "Excellent",
    "min_price": 999,
    "contact_number": 919453524651,
    "cuisine": [
      {
        "id": 2,
        "name": "SouthIndian"
      },
      {
        "id": 4,
        "name": "FastFood"
      }
    ],
    "image": "Assets/breakfast.jpg",
    "mealtype_id": 1
  },
  {
    "name": "BabaKaDhaba",
    "city": "Delhi",
    "location_id": 5,
    "city_id": 1,
    "locality": "AnandVihar",
    "thumb": [
      "Assets/breakfast.jpg",
      "Assets/dinner.png",
      "Assets/drinks.png",
      "Assets/dinner.png"
    ],
    "aggregate_rating": 3.5,
    "rating_text": "Excellent",
    "min_price": 599,
    "contact_number": 919453524651,
    "cuisine": [
      {
        "id": 2,
        "name": "SouthIndian"
      },
      {
        "id": 4,
        "name": "FastFood"
      }
    ],
    "image": "Assets/breakfast.jpg",
    "mealtype_id": 2
  },
  [
    {
      "name": "Domino's",
      "city": "Delhi",
      "location_id": 1,
      "city_id": 1,
      "locality": "ShalimarBagh",
      "thumb": [
        "Assets/breakfast.jpg",
        "Assets/dinner.png",
        "Assets/drinks.png",
        "Assets/dinner.png"
      ],
      "aggregate_rating": 4.2,
      "rating_text": "VeryGood",
      "min_price": 666,
      "contact_number": 919453524651,
      "cuisine": [
        {
          "id": 1,
          "name": "NorthIndian"
        },
        {
          "id": 4,
          "name": "FastFood"
        }
      ],
      "image": "Assets/breakfast.jpg",
      "mealtype_id": 1
    },
    {
      "name": "KFC",
      "city": "Delhi",
      "location_id": 1,
      "city_id": 1,
      "locality": "ShalimarBagh",
      "thumb": [
        "Assets/breakfast.jpg",
        "Assets/dinner.png",
        "Assets/drinks.png",
        "Assets/dinner.png"
      ],
      "aggregate_rating": 4.5,
      "rating_text": "Excellent",
      "min_price": 333,
      "contact_number": 919453524651,
      "cuisine": [
        {
          "id": 2,
          "name": "SouthIndian"
        },
        {
          "id": 4,
          "name": "FastFood"
        }
      ],
      "image": "Assets/breakfast.jpg",
      "mealtype_id": 1
    },
    {
      "name": "BurgerKing",
      "city": "Delhi",
      "location_id": 1,
      "city_id": 1,
      "locality": "ShalimarBagh",
      "thumb": [
        "Assets/breakfast.jpg",
        "Assets/dinner.png",
        "Assets/drinks.png",
        "Assets/dinner.png"
      ],
      "aggregate_rating": 4.5,
      "rating_text": "Excellent",
      "min_price": 999,
      "contact_number": 919453524651,
      "cuisine": [
        {
          "id": 2,
          "name": "SouthIndian"
        },
        {
          "id": 4,
          "name": "FastFood"
        }
      ],
      "image": "Assets/breakfast.jpg",
      "mealtype_id": 1
    },
    {
      "name": "BabaKaDhaba",
      "city": "Delhi",
      "location_id": 5,
      "city_id": 1,
      "locality": "AnandVihar",
      "thumb": [
        "Assets/breakfast.jpg",
        "Assets/dinner.png",
        "Assets/drinks.png",
        "Assets/dinner.png"
      ],
      "aggregate_rating": 3.5,
      "rating_text": "Excellent",
      "min_price": 599,
      "contact_number": 919453524651,
      "cuisine": [
        {
          "id": 2,
          "name": "SouthIndian"
        },
        {
          "id": 4,
          "name": "FastFood"
        }
      ],
      "image": "Assets/breakfast.jpg",
      "mealtype_id": 2
    }
  ]
]